{
  "description": {
    "title": "",
    "text": ""
  },
  "links_1": {
    "list_pages": true,
    "title": "Institucional",
    "list": [
      {
        "text": "Fita Métrica Online",
        "url": "fita.belavirtuosa.com.br"
      }
    ]
  },
  "links_2": {
    "list_categories": true,
    "title": "Categorias",
    "list": []
  },
  "contacts": {
    "title": "Entre em Contato",
    "phone_wpp": true,
    "socials": true,
    "email": false,
    "address": true
  },
  "stamps": [
    {
      "src": "/img/uploads/ssl-safe.png",
      "alt": "Secure connection"
    }
  ],
  "payment_methods": {
    "bb": false,
    "visa": false,
    "boleto": false,
    "aura": false,
    "banrisul": false,
    "elo": false,
    "hipercard": false,
    "hsbc": false,
    "bradesco": false,
    "santander": false,
    "mastercard": false,
    "paypal": true,
    "citibank": false,
    "mais": false,
    "itau": false
  },
  "credits": "CNP: 22.189.315-0001/61 - Desenvolvido por Impulsiona Web Performance Marketing"
}