{
  "meta_title": "Comprar Moda Evangélica - Bela Virtuosa Moda Evangélica",
  "meta_description": "Comprar MODA EVANGÉLICA nunca foi tão fácil. Compre VESTIDOS EVANGÉLICOS, SAIAS EVANGELICAS, ROUPAS EVANGÉLICAS com o melhor preço do mercado e entrega turbo. ",
  "sections": [
    {
      "type": "banner-slider",
      "autoplay": 9000,
      "slides": [
        {
          "start": "2021-03-07T13:53:14.185Z",
          "end": "",
          "img": "/img/uploads/banner-lancamento.png",
          "mobile_img": "https://trello-attachments.s3.amazonaws.com/6042877d52d4bd6c6a6f288f/800x940/e4b3d27f03d2ac45c99e8919b9845a37/Banner%2C_Bela_Virtuosa_l_800x940px.png",
          "link": "https://www.belavirtuosa.com.br/lancamentos"
        },
        {
          "start": "2021-01-12T20:09:12.523Z",
          "end": "",
          "img": "/img/uploads/banner-grande-whastapp.webp",
          "mobile_img": "/img/uploads/banner-pequeno-whats.webp",
          "link": "https://www.belavirtuosa.com.br/bazardeverao",
          "alt": "Bazar de Verão Bela Virtuosa"
        }
      ]
    },
    {
      "type": "info-bar",
      "enabled": true
    },
    {
      "type": "collection-shelf",
      "shuffle": true,
      "collection_id": null,
      "sort": "news",
      "link": "",
      "title": "O MELHOR DA MODA EVANGÉLICA "
    },
    {
      "type": "collection-shelf",
      "shuffle": true,
      "collection_id": null,
      "title": "ESCOLHEMOS ALGUNS MODELOS PARA VOCÊ",
      "sort": "sales"
    }
  ]
}