{
  "sections": [
    {
      "type": "breadcrumbs",
      "enabled": true
    },
    {
      "type": "product-block",
      "enabled": true
    },
    {
      "type": "custom-html",
      "html": "\n\n<h4 class=\"products-carousel__title\">\n  <span>DEPOIMENTOS DE CLIENTES</span>\n</h4>\n<div id=\"_trustvox_colt\"></div\n  "
    },
    {
      "type": "product-description",
      "enabled": true
    },
    {
      "type": "product-specifications",
      "enabled": true
    },
    {
      "type": "collection-shelf",
      "shuffle": true,
      "limit": 12,
      "page": 1,
      "collection_id": "602d72889332dd6865d6ea81:categories:LANÇAMENTOS:/lancamentos",
      "sort": "news",
      "title": "Aproveite e compre junto"
    }
  ]
}