{
  "title": "Condições de Entrega",
  "meta_title": "Condições de entrega Moda Evangélica - Bela Virtuosa",
  "meta_description": "Confira as condições de entrega dos pedidos da loja Bela Virtuosa Moda Evangélica.",
  "body": "<!--StartFragment-->\n\nNós usamos preferencialmente os Corrreios para entrega dos pedidos, podendo também usar alguma outra transportadora se for necessário.\n\nPor padrão, disponibilizamos os formatos abaixo:\n\n* **PAC:** Frete com desconto exclusivo para todo o Brasil - (entrega com maior prazo)\n* **Sedex:** Entrega expressa disponibilizada pelos Correios - (entrega com menor prazo)\n* Nos dois formatos, os prazos também variam de acordo com as localidades de origem de destino de segunda a sábado.\n\nO recebimento da mercadoria poderá ser recebido por terceiros, como familiares, porteiros ou responsável no endereço. Em alguns casos a mercadoria pode ser enviada para recebimento na “mão própria” do responsável pela compra.\n\nSão realizadas duas tentativas de entregas, em dias úteis consecutivos, após a segunda tentativa a mercadoria ficará pendente durante 7 dias no centro de distribuição dos Correios mais próximo no CEP do destinatário para retirada. Após este período, caso não retirada, a mercadoria voltará ao nosso Centro de Distribuição. Para receber o produto novamente, o cliente deverá arcar com os custos de frete - em casos de endereço incorreto ou não recebimento/retirada. As entregas são realizadas de segunda à sexta-feira durante o horário comercial.\n\n**Em caso de dúvidas ou problema no recebimento de seu produto, entre em contato conosco:**\n\n* Facebook:[@belavirtuosamodaevangelica](http://facebook.com/belavirtuosamodaevangelica)\n* **Instagram:**[@belavirtuosamodaevangelica](https://instagram.com/belavirtuosamodaevangelica)\n* **Whatsapp**:[](https://api.whatsapp.com/send?l=pt_BR&phone=5562981681866) **(62) 9 8228-1272**\n* **E-mail**:[contato@belavirtuosamodaevangelica](http://mailto:contato@belavirtuosamodaevangelica/?subject=D%C3%BAvidas%20e%20Sugest%C3%B5es)\n\n<!--EndFragment-->",
  "sections": [
    {
      "type": "page-title"
    },
    {
      "type": "extra-page",
      "enabled": true
    },
    {
      "type": "collection-shelf",
      "shuffle": true,
      "sort": "news",
      "title": "Aproveite para escolher seu novo look de Moda Evangélica...."
    }
  ]
}