{
  "title": "Formas de Pagamento",
  "meta_title": "Formas de pagamento para comprar na loja Bela Virtuosa Moda Evangélica",
  "meta_description": "Formas de pagamento para comprar na loja Bela Virtuosa Moda Evangélica",
  "body": "<!--StartFragment-->\n\n![](/img/uploads/bandeiras-pagamentos-cartoes-todos_large-1-.png)\n\n**Cartões de Crédito**\\\nTrabalhamos com praticamente todas as bandeiras de cartão de crédito, e utilizamos o sistema do PayPal para que você tenha mais segurança na sua transação.\n\n**Parcelamento**\\\nParcelamos todas as suas compras em até 6X sem juros.\n\n**Pix**\\\nVocê pode fazer o seu pedido e pagar com pix. A aprovação do seu pagamento acontece em tempo real. \n\n<!--EndFragment-->",
  "sections": [
    {
      "type": "page-title"
    },
    {
      "type": "extra-page",
      "enabled": true
    },
    {
      "type": "collection-shelf",
      "shuffle": true,
      "title": "Que tal escolher um look agora..."
    }
  ]
}