{
  "title": "Sobre a Bela Virtuosa",
  "meta_title": "Sobre nós",
  "meta_description": "Sobre nós",
  "body": "<!--StartFragment-->\n\nA Bela Virtuosa é uma loja Multimarcas que revende moda evangélica e moda executiva.\\\nSão várias marcas desde pequenas à marcas renomadas, tudo baseado no critério de qualidade, tanto no tecido, quanto no acabamento. **Por isso garantimos a 1º troca grátis.**\n\n\n\n![](/img/uploads/whatsapp-image-2020-05-30-at-22.06.43.jpeg)\n\n\n\n> Como começou..\\\n> Bela Virtuosa nasceu com seus dois sócios, um casal cristão. Fazendo tudo pela guia de Deus, e Deus foi mostrando caminhos, abrindo portas para que pudessem ter forças e capacidade em ter uma loja com princípios cristãos, e que de uma forma simples, pudesse fortalecer o estilo da mulher virtuosa. O Primeiro critério é que nossos preços são totalmente acessíveis, acreditamos que todas as irmãs, devem ter acesso a uma moda de qualidade com um preço que cabe no orçamento. A loja é uma porta que Deus abriu, e com essa porta temos a missão de ajudar as pessoas, e uma dessas formas é oferecer moda evangélica com preço justo e qualidade.\n\n<!--EndFragment-->",
  "sections": [
    {
      "type": "page-title"
    },
    {
      "type": "extra-page",
      "enabled": true
    },
    {
      "type": "collection-shelf",
      "shuffle": true,
      "title": "Escolha o seu melhor modelo e receba em casa..."
    }
  ]
}