{
  "title": "Trocas e devoluções",
  "meta_title": "Trocas e devoluções",
  "meta_description": "Trocas e devoluções",
  "body": "<!--StartFragment-->\n\n Para dar início ao processo de devolução dos produtos adquiridos em nossa loja online, você deve comunicar nossa equipe pelo e-mail: trocas@belavirtuosa.com.br e aguardar o retorno que poderá demorar de 1 a 3 dias úteis.\n\n***Produtos devolvidos sem essa comunicação, fora do prazo ou com ausência das etiquetas afixadas nas peças, serão reenviados sem consulta prévia.***\n\n**Condições para TROCAS E DESISTÊNCIAS**\n\n**Defeito de fabricação:** o prazo é de até 7 sete) dias corridos, contando da data do recebimento do produto;\n\n**Produto em desacordo com o pedido feito:** solicite a troca ou devolução em até 7 (sete) dias corridos, contando da data do recebimento do produto;\n\n**Desistência do produto:** o prazo é de até 7 (sete) dias corridos, contando da data do recebimento do produto, o produto deverá ser enviado em sua embalagem original, sem uso ou lavagem, com as etiquetas afixas junto as peças.\\\n\\\n**Não serviu ou não gostou da cor/estampa:**  o prazo é de até 7 (sete) dias corridos, contando da data do recebimento do produto, o produto deverá ser enviado em sua embalagem original, sem uso ou lavagem, com as etiquetas afixas junto as peças.\n\n\\\n**A 1º TROCA É GRATUITA. QUEREMOS QUE VOCÊ TENHA A MELHOR EXPERIÊNCIA DE COMPRA POSSÍVEL EM NOSSA LOJA. Mas pedimos, com amor, confira as tabelas de medidas antes de comprar. Economia de tempo para você e de dinheiro para nós.**\n\nHoje nós oferecemos um desconto especial no frete para todo o Brasil. Por conta desse valor baixo para comprar, pedidos que você tenha o cuidado para tirar todas as medidas e conferir nossas tabelas de medidas. Todos nossos produtos são medidos um a um e todas as informações ficam disponíveis na Tabela de Medidas. Para evitar troca ou devolução, leia atentamente e tire suas medidas para que possa ter o melhor produto nas melhores condições.\n\n***Você deve entrar em contato com nosso Atendimento, através de e-mail, para solicitar a troca ou devolução do produto.***\n\nRecuse o recebimento do produto se: a embalagem estiver aberta ou avariada, se o produto estiver avariado ou em desacordo com o pedido. Se, no entanto, o produto for recebido inadvertidamente, constatada a ocorrência de uma ou mais hipóteses descritas acima, por favor, entre em contato com a Loja Virtual em até 3 dias úteis.\n\nSerá necessário o envio da mercadoria para o endereço da Loja virtual conforme orientação passada pela atendente.\n\nApós o recebimento e conferência da mercadoria, será gerado um vale-troca com o valor respectivo. Se preferir, solicite o estorno do valor do produto no cartão de crédito para pedidos pagos com cartão e deposito bancário para pedidos pagos via boleto.\n\nIMPORTANTE:\n\nLembramos que se concluirá o procedimento somente se o produto estiver em bom estado de conservação, sem indícios de uso e dentro de sua embalagem original. A embalagem não pode estar danificada e, para protegê-la, sugerimos coloca-la dentro de outra caixa ou embrulhada em um papel. Todos os produtos passarão por uma prévia análise que poderá levar cerca de 5 dias úteis e, caso seja constatada a ausência do defeito ou descumprimento de alguma das condições já descritas, o produto será reenviado ao cliente, sendo o frete custeado pelo próprio.\n\n**NÃO FAZEMOS RESERVAS DE PEÇAS, SEM ANTES RECEBER A PEÇA PARA TROCA.**\n\n**NÃO FAZEMOS TROCAS DE PEÇAS EM PROMOÇÃO(BLACK FRIDAY, DIAS DAS MAES, FINAL DE ANO OU OUTLET)**\n\n<!--EndFragment-->",
  "sections": [
    {
      "type": "page-title"
    },
    {
      "type": "extra-page",
      "enabled": true
    },
    {
      "type": "collection-shelf",
      "shuffle": true,
      "title": "Escolhemos alguns modelos para você..."
    }
  ]
}
