{
  "assetsByChunkName": {
    "vendors~app-account~app-confirmation~app-order": [
      "chunk.cfa8db41ecd53de16e1b.js",
      "chunk.cfa8db41ecd53de16e1b.js.map"
    ],
    "vendors~app-account~app-checkout": [
      "chunk.7da854d96b01566f7d08.js",
      "chunk.7da854d96b01566f7d08.js.map"
    ],
    "vendors~app-cart~app-checkout": [
      "chunk.3196bf31f621f6429669.js",
      "chunk.3196bf31f621f6429669.js.map"
    ],
    "admin": [
      "admin.2bb92eb3e1135d4cfe6b.js",
      "admin.2bb92eb3e1135d4cfe6b.js.map"
    ],
    "app-account": [
      "chunk.ec9c0806ce27766accf4.js",
      "chunk.ec9c0806ce27766accf4.js.map"
    ],
    "app-cart": [
      "chunk.788e7571349b7c186447.js",
      "chunk.788e7571349b7c186447.js.map"
    ],
    "app-checkout": [
      "chunk.735c6e7e11efe950b058.js",
      "chunk.735c6e7e11efe950b058.js.map"
    ],
    "app-confirmation": [
      "chunk.11cf4a45155266703e59.js",
      "chunk.11cf4a45155266703e59.js.map"
    ],
    "app-order": [
      "chunk.92aefc3ee214c5ec8587.js",
      "chunk.92aefc3ee214c5ec8587.js.map"
    ],
    "checkout": [
      "checkout.ad2441e297afc3d5c974.js",
      "checkout.ad2441e297afc3d5c974.js.map"
    ],
    "storefront": [
      "storefront.2244872892362ea156c3.css",
      "storefront.d59578bd55a452aae78d.js",
      "storefront.2244872892362ea156c3.css.map",
      "storefront.d59578bd55a452aae78d.js.map"
    ]
  }
}